{
  "attendance_pct": 0.7606638325949237,
  "previous_cgpa": 0.0705647996496552,
  "study_hours_weekly": 0.06543745574303175,
  "mental_health_score": 0.030400523129492086,
  "sleep_hours": 0.02501208298881365,
  "semester": 0.01541260633799592,
  "extracurricular_Technical Club": 0.003764913370562777,
  "department_Computer Science": 0.0034206340837883605,
  "extracurricular_No Activity": 0.0034018006197343415,
  "extracurricular_Sports": 0.0032098263775857216,
  "department_Electronics": 0.003115386201144744,
  "department_Information Technology": 0.0028823351699504745,
  "extracurricular_Cultural": 0.0026750786889642446,
  "department_Mechanical": 0.002495827896531994,
  "extracurricular_Multiple": 0.002385571857839311,
  "department_Civil": 0.002099831633640742,
  "has_part_time_job_0": 0.0016121833752302881,
  "has_part_time_job_1": 0.0014453102811148194
}